<?xml version="1.0" encoding="UTF-8"?>
<root>
  <item name="com.application.library.widget.roundimg.Corner">
    <annotation name="android.support.annotation.IntDef">
      <val name="value" val="{com.application.library.widget.roundimg.Corner.TOP_LEFT, com.application.library.widget.roundimg.Corner.TOP_RIGHT, com.application.library.widget.roundimg.Corner.BOTTOM_LEFT, com.application.library.widget.roundimg.Corner.BOTTOM_RIGHT}" />
    </annotation>
  </item>
  <item name="com.application.library.widget.roundimg.RoundedDrawable com.application.library.widget.roundimg.RoundedDrawable setCornerRadius(int, float) 0">
    <annotation name="android.support.annotation.IntDef">
      <val name="value" val="{com.application.library.widget.roundimg.Corner.TOP_LEFT, com.application.library.widget.roundimg.Corner.TOP_RIGHT, com.application.library.widget.roundimg.Corner.BOTTOM_LEFT, com.application.library.widget.roundimg.Corner.BOTTOM_RIGHT}" />
    </annotation>
  </item>
  <item name="com.application.library.widget.roundimg.RoundedDrawable float getCornerRadius(int) 0">
    <annotation name="android.support.annotation.IntDef">
      <val name="value" val="{com.application.library.widget.roundimg.Corner.TOP_LEFT, com.application.library.widget.roundimg.Corner.TOP_RIGHT, com.application.library.widget.roundimg.Corner.BOTTOM_LEFT, com.application.library.widget.roundimg.Corner.BOTTOM_RIGHT}" />
    </annotation>
  </item>
  <item name="com.application.library.widget.roundimg.RoundedImageView float getCornerRadius(int) 0">
    <annotation name="android.support.annotation.IntDef">
      <val name="value" val="{com.application.library.widget.roundimg.Corner.TOP_LEFT, com.application.library.widget.roundimg.Corner.TOP_RIGHT, com.application.library.widget.roundimg.Corner.BOTTOM_LEFT, com.application.library.widget.roundimg.Corner.BOTTOM_RIGHT}" />
    </annotation>
  </item>
  <item name="com.application.library.widget.roundimg.RoundedImageView void setCornerRadius(int, float) 0">
    <annotation name="android.support.annotation.IntDef">
      <val name="value" val="{com.application.library.widget.roundimg.Corner.TOP_LEFT, com.application.library.widget.roundimg.Corner.TOP_RIGHT, com.application.library.widget.roundimg.Corner.BOTTOM_LEFT, com.application.library.widget.roundimg.Corner.BOTTOM_RIGHT}" />
    </annotation>
  </item>
  <item name="com.application.library.widget.roundimg.RoundedImageView void setCornerRadiusDimen(int, int) 0">
    <annotation name="android.support.annotation.IntDef">
      <val name="value" val="{com.application.library.widget.roundimg.Corner.TOP_LEFT, com.application.library.widget.roundimg.Corner.TOP_RIGHT, com.application.library.widget.roundimg.Corner.BOTTOM_LEFT, com.application.library.widget.roundimg.Corner.BOTTOM_RIGHT}" />
    </annotation>
  </item>
</root>

